{
  "dev-snapshot-observer-edc1" : {
    "hostSuffix": "dev",
    "domain": "apps.pp01i.edc1.cf.ford.com",
    "memory": "2G",
    "disk_quota" : "3G",
    "instance": "2",
    "route" :"gvms-snapshot-observer-edc1-dev.apps.pp01i.edc1.cf.ford.com",
    "environment":"edc1-dev",
    "jarPath": "build/libs"
  },
  "dev-snapshot-observer-edc2" : {
    "hostSuffix": "dev",
    "domain": "apps-pcf02v2i.cf.ford.com",
    "memory": "2G",
    "disk_quota" : "3G",
    "instance": "2",
    "route" :"gvms-snapshot-observer-edc2-dev.apps.pp01i.edc2.cf.ford.com",
    "environment":"edc2-dev",
    "jarPath": "build/libs"
  },
  "qa3-snapshot-observer-edc1" : {
    "hostSuffix": "qa3",
    "domain": "apps.pp01i.edc1.cf.ford.com",
    "memory": "2G",
    "disk_quota" : "3G",
    "instance": "2",
    "java_opts":"-XX:+HeapDumpOnOutOfMemoryError -XX:HeapDumpPath=\"/var/proj/gvms/nas/edc1-qa3-snapobserver-${HOSTNAME}_$(date +\"%Y-%m-%dT%_H-%M\").hprof\" -XX:+UseG1GC -XX:+UseStringDeduplication -XX:+PrintGCDetails",
    "route" :"gvms-snapshot-observer-edc1-qa3.apps.pp01i.edc1.cf.ford.com",
    "environment":"edc1-qa3",
    "jarPath": "build/libs"
  },
  "qa3-snapshot-observer-edc2" : {
    "hostSuffix": "qa3",
    "domain": "apps-pcf02v2i.cf.ford.com",
    "memory": "2G",
    "disk_quota" : "3G",
    "instance": "2",
    "java_opts":"-XX:+HeapDumpOnOutOfMemoryError -XX:HeapDumpPath=\"/var/proj/gvms/nas/edc2-qa3-snapobserver-${HOSTNAME}_$(date +\"%Y-%m-%dT%_H-%M\").hprof\" -XX:+UseG1GC -XX:+UseStringDeduplication -XX:+PrintGCDetails",
    "route" :"gvms-snapshot-observer-edc2-qa3.apps.pp01i.edc2.cf.ford.com",
    "environment":"edc2-qa3",
    "jarPath": "build/libs"
  },
  "qa1-snapshot-observer-edc1" : {
    "hostSuffix": "qa1",
    "domain": "apps.pp01i.edc1.cf.ford.com",
    "memory": "4G",
    "disk_quota" : "3G",
    "instance": "2",
    "java_opts":"-XX:+HeapDumpOnOutOfMemoryError -XX:HeapDumpPath=\"/var/proj/gvms/nas/edc1-qa1-snapobserver-${HOSTNAME}_$(date +\"%Y-%m-%dT%_H-%M\").hprof\" -XX:+UseG1GC -XX:+UseStringDeduplication -XX:+PrintGCDetails",
    "route" :"gvms-snapshot-observer-edc1-qa.apps.pp01i.edc1.cf.ford.com",
    "environment":"edc1-qa1",
    "jarPath": "build/libs"
  },
  "qa1-snapshot-observer-edc2" : {
    "hostSuffix": "qa1",
    "domain": "apps.pp01i.edc2.cf.ford.com",
    "memory": "4G",
    "disk_quota" : "3G",
    "instance": "2",
    "java_opts":"-XX:+HeapDumpOnOutOfMemoryError -XX:HeapDumpPath=\"/var/proj/gvms/nas/edc2-qa1-snapobserver-${HOSTNAME}_$(date +\"%Y-%m-%dT%_H-%M\").hprof\" -XX:+UseG1GC -XX:+UseStringDeduplication -XX:+PrintGCDetails",
    "route" :"gvms-snapshot-observer-edc2-qa.apps.pp01i.edc2.cf.ford.com",
    "environment":"edc2-ucp",
    "jarPath": "build/libs"
  },
  "prod-snapshot-observer-edc1" : {
    "hostSuffix": "prod",
    "domain": "apps.pd01i.edc1.cf.ford.com",
    "memory": "4G",
    "disk_quota" : "3G",
    "instance": "2",
    "java_opts":"-XX:+HeapDumpOnOutOfMemoryError -XX:HeapDumpPath=\"/var/proj/gvms/nas/edc1-prod-snapobserver-${HOSTNAME}_$(date +\"%Y-%m-%dT%_H-%M\").hprof\" -XX:+UseG1GC -XX:+UseStringDeduplication -XX:+PrintGCDetails",
    "route" :"gvms-snapshot-observer-edc1.apps.pd01i.edc1.cf.ford.com",
    "environment":"edc1-prod",
    "jarPath": "build/libs"
  },
  "prod-snapshot-observer-edc2" : {
    "hostSuffix": "prod",
    "domain": "apps.pd01i.edc2.cf.ford.com",
    "memory": "4G",
    "disk_quota" : "3G",
    "instance": "2",
    "java_opts":"-XX:+HeapDumpOnOutOfMemoryError -XX:HeapDumpPath=\"/var/proj/gvms/nas/edc2-prod-snapobserver-${HOSTNAME}_$(date +\"%Y-%m-%dT%_H-%M\").hprof\" -XX:+UseG1GC -XX:+UseStringDeduplication -XX:+PrintGCDetails",
    "route" :"gvms-snapshot-observer-edc2.apps.pd01i.edc2.cf.ford.com",
    "environment":"edc2-prod",
    "jarPath": "build/libs"
  }
}
